,SE,S,C,P,B,N,A,E,H,O,D,LEU,ACE,TRP,OMT,PYO,CME,VAL,PSU,UNK,LYS,ARG,EEP,PCA,GLU,TPQ,IAS,TPO,YCM,ALA,GLY,MSE,MET,SER,OMC,ILE,THR,DTH,CSO,HYP,OMU,MIA,PYR,LLP,HIS,TYR,CSD,NRQ,LYZ,MEQ,TYQ,PHE,ASP,GLN,PRO,ASN,SEP,CYS,OMG,sing,trip,doub,OLIG_COUNT,SYMMETRY
8C2E,0,12,1150,0,0,309,0,0,0,366,0,25,0,2,0,0,0,12,0,0,17,14,0,0,29,0,0,0,0,25,14,0,9,21,0,10,10,0,0,0,0,0,0,0,3,10,0,0,0,0,0,5,14,7,6,7,1,3,0,372,0,40,4,1
1AE1,0,18,2435,0,0,650,0,0,0,726,0,23,0,4,0,0,0,19,0,0,19,8,0,0,20,0,0,0,0,26,24,0,7,20,0,20,14,0,0,0,0,0,0,0,4,7,0,0,0,0,0,10,9,7,8,18,0,6,0,407,0,48,2,1
5HAS,0,60,6953,0,0,1864,0,0,0,2010,0,55,0,1,0,0,0,28,0,0,28,23,0,0,26,0,0,0,0,37,21,0,10,44,0,27,31,0,0,0,0,0,0,0,13,10,0,0,0,0,0,16,29,25,18,17,0,9,0,338,0,37,2,1
7O5S,0,10,1161,0,0,318,0,0,0,370,0,24,0,2,0,0,0,12,0,0,17,16,0,0,30,0,0,0,0,25,17,0,9,21,0,11,10,0,1,0,0,0,0,0,3,10,0,0,0,0,0,5,14,7,6,7,1,1,0,380,0,40,4,1
5KK1,0,0,3493,60,0,958,0,0,0,1181,0,9,0,1,0,0,0,8,0,0,12,3,0,0,9,0,0,0,0,6,5,0,0,3,0,10,6,0,0,0,0,0,0,0,1,6,0,0,0,0,0,1,2,6,2,2,0,0,0,437,0,53,8,1
3ABO,0,63,6720,0,0,1875,0,0,0,2077,0,64,0,4,0,0,0,62,0,0,32,43,0,0,50,0,0,0,0,80,58,0,22,44,0,46,44,0,0,0,0,0,0,0,14,20,0,0,0,0,0,21,45,30,29,34,0,17,0,361,0,37,12,0
7N8N,0,30,6180,248,0,2053,0,0,0,2610,0,53,0,0,0,0,0,34,0,0,64,25,0,0,34,0,0,0,0,56,42,0,14,50,0,25,29,0,0,0,0,0,0,0,27,8,0,0,0,0,0,12,16,19,19,10,0,4,0,0,0,0,6,1
6WY1,0,27,1899,0,0,517,0,0,0,561,0,31,0,9,0,0,0,28,0,0,32,15,0,0,32,0,0,0,0,14,39,0,15,23,0,23,30,0,0,0,0,0,0,0,19,6,0,0,0,0,0,12,16,16,20,16,0,12,0,365,0,38,2,1
2YAQ,0,16,2433,0,0,682,0,0,0,655,0,66,0,6,0,0,0,35,0,0,15,32,0,0,30,0,0,0,0,35,37,0,13,14,0,8,20,0,0,0,0,0,0,0,17,9,0,0,0,0,0,16,18,13,44,10,0,1,0,381,0,37,2,1
4C05,0,13,1592,0,0,441,0,0,0,458,0,42,0,8,0,0,0,29,0,0,14,27,0,0,37,0,0,0,0,33,36,0,9,28,0,11,13,0,0,0,0,0,0,0,11,10,0,0,0,0,0,10,18,16,19,5,0,6,0,381,0,42,2,1
4XKG,0,60,7501,0,0,2048,0,0,0,2294,0,40,0,12,0,0,0,32,0,0,33,24,0,0,35,0,0,0,0,27,42,0,8,30,0,29,34,0,0,0,0,0,0,0,9,23,0,0,0,0,0,17,28,16,20,42,0,12,0,429,0,40,6,0
3ZOL,0,6,2128,0,0,529,0,0,0,608,0,16,0,5,0,0,0,12,0,0,13,9,0,0,18,0,0,0,0,13,10,0,4,8,0,8,14,0,0,0,0,0,0,0,5,18,0,0,0,0,0,8,10,7,10,7,0,0,0,418,1,52,2,1
4J01,0,64,7276,112,0,2140,0,0,0,2428,0,32,0,5,0,0,0,12,0,0,18,23,0,0,26,0,0,0,0,24,13,0,16,15,0,15,14,0,0,0,0,0,0,0,10,11,0,0,0,0,0,11,18,15,18,5,0,1,0,469,0,55,4,1
7NT5,0,195,25275,77,0,6795,0,0,0,7858,0,49,0,5,0,0,0,30,0,0,24,38,0,0,40,0,0,0,0,60,40,0,19,56,0,34,31,0,0,0,0,0,0,0,8,11,0,0,0,0,0,20,25,23,20,21,0,0,0,0,0,0,14,0
3JUW,0,6,2410,0,0,760,0,0,0,685,0,19,0,4,0,0,0,7,0,0,1,21,0,0,10,0,0,0,0,26,16,7,0,9,0,1,3,0,0,0,0,0,0,0,6,4,0,0,0,0,0,9,11,10,5,4,0,2,0,0,0,0,2,1
6ZP0,0,111,15387,0,0,4011,0,0,0,4608,0,102,0,10,0,0,0,92,0,0,58,43,0,0,50,0,0,0,0,78,88,0,10,95,0,72,97,0,0,0,0,0,0,0,22,55,0,0,0,0,0,75,61,64,56,89,0,30,0,0,0,0,3,0
6JTL,0,30,3238,0,0,916,0,0,0,947,0,34,0,4,0,0,0,26,0,0,13,25,0,0,25,0,0,0,0,43,45,0,15,20,0,22,15,0,0,0,0,0,0,0,15,2,0,0,0,0,0,19,23,18,18,9,0,6,0,338,0,37,2,1
3WHA,0,12,2125,0,0,552,0,0,0,648,0,18,0,1,0,0,0,11,0,0,17,8,0,0,25,0,0,0,0,15,15,0,7,16,0,20,17,0,0,0,0,0,0,0,4,7,0,0,0,0,0,10,16,9,5,8,0,0,0,379,0,45,1,0
4GPE,0,23,2625,0,0,726,0,0,0,785,0,49,0,7,0,0,0,40,0,0,13,24,0,0,23,0,0,0,0,76,38,0,15,35,0,25,20,0,0,0,0,0,0,0,18,16,0,0,0,0,0,15,30,21,40,25,0,6,0,390,0,44,4,0
8H14,0,141,15411,0,0,3987,0,0,0,4563,0,92,0,9,0,0,0,87,0,0,57,42,0,0,44,0,0,0,0,83,84,0,17,92,0,74,97,0,0,0,0,0,0,0,20,55,0,0,0,0,0,80,71,57,57,82,0,32,0,0,0,0,3,0
7X62,0,14,1845,0,0,495,0,0,0,550,0,35,0,2,0,0,0,27,0,0,23,21,0,0,32,0,0,0,0,29,38,0,9,38,0,21,21,0,0,0,0,0,0,0,11,12,0,0,0,0,0,26,24,11,20,12,0,5,0,359,0,37,2,1
2P32,0,12,2490,0,0,654,0,0,0,816,0,9,0,1,0,0,0,2,0,0,12,1,0,0,13,0,0,0,0,10,14,0,2,10,0,7,3,0,0,0,0,0,0,0,8,2,0,0,0,0,0,2,8,5,7,3,0,1,0,336,0,37,1,0
1T26,0,13,1523,0,0,410,0,0,0,448,0,31,0,1,0,0,0,32,0,0,26,6,0,0,15,0,0,0,0,27,26,0,10,15,0,27,14,0,0,0,0,0,0,0,15,8,0,0,0,0,0,7,17,8,12,21,0,4,0,414,0,49,4,0
3E0W,0,26,2306,0,0,650,0,0,0,716,0,31,0,1,0,0,0,54,0,0,27,26,0,0,27,0,0,0,0,46,42,0,15,41,0,36,27,0,0,0,0,0,0,0,26,16,0,0,0,0,0,14,29,25,18,24,0,14,0,338,0,37,4,0
8AFE,0,23,4124,0,0,1282,0,0,0,1356,0,118,0,27,0,0,0,74,0,0,64,97,0,0,99,0,0,0,0,165,106,0,24,79,0,50,77,0,0,0,0,0,0,0,31,43,0,0,0,0,0,37,89,80,43,60,0,4,0,336,0,37,10,0
2D3S,0,0,4706,0,0,1222,0,0,0,1380,0,15,0,4,0,0,0,22,0,0,9,8,0,0,9,0,0,0,0,14,17,0,1,21,0,16,21,0,0,0,0,0,0,0,5,6,0,0,0,0,0,18,12,10,18,16,0,0,0,402,0,37,2,1
4C45,0,3,516,0,0,138,0,0,0,148,0,8,0,2,0,0,0,5,0,0,9,4,0,0,9,0,0,0,0,12,4,0,3,9,0,4,5,0,0,0,0,0,0,0,5,2,0,0,0,0,0,7,4,4,1,6,0,1,0,347,0,37,4,0
2RJL,0,5,745,0,0,185,0,0,0,213,0,16,0,2,0,0,0,12,0,0,11,7,0,0,10,0,0,0,0,9,12,0,6,15,0,7,14,0,0,0,0,0,0,0,6,7,0,0,0,0,0,12,9,11,11,7,0,0,0,338,0,37,3,0
8SJD,0,76,11944,211,0,3406,0,0,0,4140,0,60,0,10,0,0,0,36,0,0,55,27,0,0,46,0,0,0,0,31,16,0,10,63,0,49,30,0,0,0,0,0,0,0,12,13,0,0,0,0,0,31,28,20,18,40,0,17,0,0,0,0,10,0
2G75,0,24,3994,0,0,1066,0,0,0,1300,0,23,0,8,0,0,0,44,0,0,29,9,0,0,18,0,0,0,0,29,40,0,4,64,0,11,44,0,0,0,0,0,0,0,11,19,0,0,0,0,0,11,21,21,29,13,0,10,0,338,0,37,4,1
3JTW,0,0,1887,0,0,493,0,0,0,561,0,13,0,3,0,0,0,17,0,0,15,8,0,0,11,0,0,0,0,7,11,4,0,9,0,18,11,0,0,0,0,0,0,0,2,12,0,0,0,0,0,3,15,10,5,4,0,0,0,0,0,0,2,1
4DF2,0,5,2036,0,0,539,0,0,0,630,0,31,0,5,0,0,0,29,0,0,25,17,0,0,25,0,0,0,0,37,25,0,5,29,0,23,30,0,0,0,0,0,0,0,9,19,0,0,0,0,0,16,29,16,18,18,0,1,0,392,0,47,2,1
3CK4,0,7,2030,0,0,552,0,0,0,574,0,12,0,0,0,0,0,14,0,0,9,4,0,0,9,0,0,0,0,2,2,0,2,2,0,0,0,0,0,0,0,0,0,0,2,2,0,0,0,0,0,0,2,2,0,4,0,0,0,233,0,24,4,1
8EBN,0,53,5374,0,0,1428,0,0,0,1541,0,53,0,15,0,0,0,35,0,0,28,32,0,0,42,0,0,0,0,36,44,0,16,48,0,28,37,0,0,0,0,0,0,0,28,23,0,0,0,0,0,35,37,15,35,29,0,15,0,338,0,37,12,1
1YB1,0,16,2404,0,0,613,0,0,0,679,0,25,0,2,0,0,0,22,0,0,20,7,0,0,16,0,0,0,0,22,21,0,4,20,0,16,23,0,0,0,0,0,0,0,16,5,0,0,0,0,0,14,7,5,10,12,0,5,0,404,0,38,2,1
3FVA,0,0,30,0,0,10,0,0,0,12,0,0,0,0,0,0,0,0,0,0,0,0,0,0,0,0,0,0,0,0,0,0,0,0,0,0,1,0,0,0,0,0,0,0,0,0,0,0,0,0,0,1,0,1,0,3,0,0,0,67,0,9,6,1
4A1O,0,24,4824,0,0,1377,0,0,0,1451,0,42,0,7,0,0,0,49,0,0,13,29,0,0,28,0,0,0,0,88,46,0,7,27,0,23,29,0,0,0,0,0,0,0,17,11,0,0,0,0,0,15,30,18,27,12,0,5,0,406,0,46,2,1
4KBP,0,40,8972,0,0,2420,0,0,0,2544,0,18,0,13,0,0,0,30,0,0,23,28,0,0,21,0,0,0,0,24,27,0,9,36,0,22,29,0,0,0,0,0,0,0,17,29,0,0,0,0,0,25,22,13,24,21,0,1,0,0,0,0,2,1
4JTA,0,66,7397,0,0,1924,0,0,0,2059,0,75,0,13,0,0,0,58,0,0,41,50,0,1,67,0,0,0,0,52,57,0,27,71,0,65,48,0,0,0,0,0,0,0,23,33,0,0,0,0,0,47,32,35,39,35,0,15,0,0,0,0,8,0
2B1V,0,32,2544,0,0,684,0,0,0,705,0,51,0,3,0,0,3,13,0,0,16,13,0,0,15,0,0,0,0,15,10,0,15,22,0,14,11,0,0,0,0,0,0,0,15,4,0,0,0,0,0,7,14,10,9,9,0,1,0,358,0,38,4,1
7B4E,0,20,1171,13,0,369,0,0,0,396,0,14,0,2,0,0,0,15,0,0,7,17,0,0,11,0,0,0,0,7,14,0,6,19,0,6,14,0,0,0,0,0,0,0,7,8,0,0,0,0,0,5,8,7,14,9,0,10,0,501,0,56,4,1
3DXV,0,24,4018,0,0,1119,0,0,0,1175,0,50,0,3,0,0,0,23,0,0,13,26,0,0,23,0,0,0,0,67,50,0,6,25,0,28,16,0,0,0,0,0,0,0,12,11,0,0,0,0,0,15,24,7,23,10,0,7,0,359,0,42,2,1
4QR9,0,13,1180,36,0,369,0,0,0,464,0,0,0,1,0,0,0,2,0,0,14,5,0,0,8,0,0,0,0,6,3,0,4,8,0,1,3,0,0,0,0,0,0,0,2,3,0,0,0,0,0,5,3,1,4,1,0,2,0,449,0,54,6,1
7QCF,0,48,5812,0,0,1473,0,0,0,1699,0,31,0,6,0,0,0,18,0,0,11,16,0,0,24,0,0,0,0,20,24,0,7,11,0,12,20,0,0,0,0,0,0,0,5,18,0,0,0,0,0,13,16,20,17,11,0,5,0,336,0,37,2,1
1NVV,0,27,4141,0,0,1129,0,0,0,1238,0,66,0,5,0,0,0,57,0,0,49,56,0,0,78,0,0,0,0,41,38,0,17,43,0,61,45,0,0,0,0,0,0,0,19,34,0,0,0,0,0,34,43,41,41,34,0,11,0,382,0,44,3,0
1VZG,0,28,1336,0,0,362,0,0,0,404,0,8,0,2,0,0,0,14,0,0,12,2,0,0,13,0,0,0,0,12,9,0,4,1,0,8,2,0,0,0,0,0,0,0,5,5,0,0,0,0,0,2,5,5,5,6,0,6,0,338,0,37,2,1
1MSB,0,12,1106,0,0,306,0,0,0,354,0,5,0,2,0,0,0,9,0,0,8,4,0,0,10,0,0,0,0,9,9,0,2,8,0,5,9,0,0,0,0,0,0,0,3,2,0,0,0,0,0,6,6,3,4,7,0,4,0,0,0,0,2,1
1J41,0,24,5636,0,0,1528,0,0,0,1580,0,36,0,3,0,0,0,31,0,0,22,6,0,0,12,0,0,0,0,36,20,0,3,16,0,0,16,0,0,0,0,0,0,0,19,6,0,0,0,0,0,15,15,4,14,10,0,3,0,452,1,66,4,1
2ZLD,0,6,3328,0,0,886,0,0,0,1074,0,20,0,2,0,0,0,23,0,7,18,11,0,0,14,0,0,0,0,29,48,0,3,16,0,12,21,0,0,0,0,0,0,0,1,29,0,0,0,0,0,19,27,13,4,30,0,0,0,324,0,36,6,0
7OU7,0,8,1928,0,0,540,0,0,0,532,0,22,0,7,0,0,0,14,0,0,6,17,0,0,20,0,0,0,0,17,12,0,3,8,0,10,4,0,0,0,0,0,0,0,4,5,0,0,0,0,0,8,6,8,8,8,0,1,0,418,0,52,2,1
3N93,0,25,4720,0,0,1207,0,0,0,1419,0,46,0,11,0,0,0,22,0,0,38,10,0,0,37,0,0,0,0,64,36,0,8,18,0,26,25,0,0,0,0,0,0,0,11,21,0,0,0,0,0,17,29,13,29,31,0,6,0,375,0,37,6,1
7B77,0,23,1514,0,0,405,0,0,0,451,0,29,0,3,0,0,0,27,0,0,11,11,0,0,9,0,0,0,0,17,26,0,10,16,0,11,24,0,0,0,0,0,0,0,7,11,0,0,0,0,0,17,17,14,13,21,0,12,0,346,0,38,2,1
5WHR,0,34,3776,0,0,991,0,0,0,1069,0,48,0,5,0,0,0,26,0,0,30,16,0,0,24,0,0,0,0,28,26,0,9,27,0,17,13,0,0,0,0,0,0,0,11,12,0,0,0,0,0,19,22,18,20,14,0,8,0,0,0,0,2,1
5KBJ,0,32,6257,64,0,1691,0,0,0,2015,0,13,0,1,0,0,0,6,0,0,17,6,0,0,13,0,0,0,0,2,4,0,3,4,0,12,5,0,0,0,0,0,0,0,0,10,0,0,0,0,0,5,7,5,4,14,0,1,0,449,0,52,6,0
3IWG,0,12,2656,0,0,684,0,0,0,773,0,28,0,3,0,0,0,13,0,0,17,5,0,0,14,0,0,0,0,29,18,7,0,17,0,14,17,0,0,0,0,0,0,0,8,12,0,0,0,0,0,19,10,20,4,15,0,6,0,0,0,0,2,1
1ZEH,0,12,526,0,0,135,0,0,0,164,0,6,0,0,0,0,0,4,0,0,1,1,0,0,4,0,0,0,0,1,4,0,0,3,0,2,3,0,0,0,0,0,0,0,2,4,0,0,0,0,0,3,1,3,0,3,0,6,0,310,0,34,2,0
3ZTS,0,56,8596,0,0,2268,0,0,0,2502,0,7,0,0,0,0,0,10,0,0,10,9,0,0,16,0,0,0,0,14,10,0,4,8,0,13,4,0,0,0,0,0,0,0,2,3,0,0,0,0,0,11,6,5,7,2,0,1,0,315,0,32,4,0
4Q50,0,142,8877,0,0,2342,0,0,0,2456,0,48,0,3,0,0,0,13,0,0,14,12,0,0,15,0,0,0,0,16,11,0,16,20,0,12,11,0,0,0,0,0,0,0,13,5,0,0,0,0,0,7,12,9,9,10,0,4,0,388,0,47,2,1
6L7S,0,36,8702,0,0,2391,0,0,0,2433,0,57,0,11,0,0,0,40,0,0,5,42,0,0,30,0,0,0,0,63,35,0,2,13,0,6,19,0,0,0,0,0,0,0,6,13,0,0,0,0,0,19,23,13,38,13,0,7,0,367,0,38,4,1
1R0L,0,65,7206,0,0,1988,0,0,0,2177,0,36,0,3,0,0,0,21,0,0,18,19,0,0,24,0,0,0,0,58,22,0,16,24,0,28,25,0,0,0,0,0,0,0,11,6,0,0,0,0,0,12,22,9,19,13,0,2,0,410,0,47,2,1
2Z7Y,0,8,1340,0,0,396,0,0,0,440,0,8,0,0,0,0,0,15,0,0,10,4,0,0,8,0,0,0,0,9,25,0,1,8,0,9,12,0,0,0,0,0,0,0,8,1,0,0,0,0,0,4,11,3,6,6,0,3,0,315,0,32,2,1
6NNI,0,10,1582,0,0,458,0,0,0,459,0,14,0,6,0,0,0,13,0,0,1,17,0,0,12,0,0,0,0,14,18,0,4,10,0,7,10,0,0,0,0,0,0,0,3,5,0,0,0,0,0,3,7,4,9,1,0,1,0,433,0,49,1,0
6NYX,0,0,3616,0,0,996,0,0,5960,1168,0,6,2,1,0,0,0,8,0,0,9,5,0,0,6,0,0,0,0,6,1,0,0,11,0,13,1,0,0,0,0,0,0,0,0,1,0,0,0,0,0,0,7,5,2,5,0,0,0,292,0,29,6,0
2FEL,0,108,19214,0,0,5422,0,0,0,5850,0,43,0,4,0,0,0,17,0,0,9,20,0,0,23,0,0,0,0,55,33,0,11,22,0,20,18,0,0,0,0,0,0,0,15,1,0,0,0,0,0,14,21,17,9,7,0,0,0,326,0,36,4,0
5YB0,0,142,17180,0,0,4639,0,0,0,5121,0,24,0,3,0,0,0,20,0,0,33,11,0,0,28,0,0,0,0,25,23,0,12,20,0,44,16,0,0,0,0,0,0,0,8,17,0,0,0,0,0,12,13,13,10,22,0,4,0,359,0,42,2,1
7RTJ,0,28,8312,0,0,2120,0,0,0,2220,0,71,0,5,0,0,0,28,0,0,16,35,0,0,28,0,0,0,0,38,25,0,7,36,0,37,24,0,0,0,0,0,0,0,10,18,0,0,0,0,0,16,18,7,28,7,0,2,0,0,0,0,4,0
5CD4,0,277,33075,118,0,9580,0,0,0,10204,0,152,0,25,0,0,0,92,0,0,70,93,0,0,75,0,0,0,0,124,102,0,37,84,0,80,71,0,0,0,0,0,0,0,36,33,0,0,0,0,0,57,74,90,69,65,0,24,0,468,0,55,12,0
1ZLZ,0,6,2125,0,0,572,0,0,0,617,0,20,0,6,0,0,0,10,0,0,17,6,0,0,13,0,0,0,0,26,13,0,3,11,0,6,9,0,0,0,0,0,0,0,8,6,0,0,0,0,0,12,12,6,9,12,0,0,0,326,0,38,2,1
8BEZ,0,20,4307,0,0,1238,0,0,0,1289,0,35,0,6,0,0,0,20,0,0,12,31,0,0,20,0,0,0,0,22,23,0,5,23,0,34,27,0,0,0,0,0,0,0,11,16,0,0,0,0,0,20,25,18,21,43,0,4,0,338,0,37,2,1
6QKZ,0,0,6792,0,0,3396,0,0,0,3395,0,174,0,34,0,0,0,144,0,0,131,112,0,0,128,0,0,0,0,162,204,0,46,188,0,135,116,0,0,0,0,0,0,0,26,85,0,0,0,0,0,102,105,68,82,86,0,31,0,0,0,0,6,1
7WO5,0,150,22182,0,0,5865,0,0,0,6777,0,132,0,21,0,0,0,137,0,0,80,54,0,0,69,0,0,0,0,108,132,0,14,175,0,81,132,0,0,0,0,0,0,0,32,74,0,0,0,0,0,92,77,86,90,105,0,40,0,0,0,0,9,0
3T4O,0,24,2800,0,0,764,0,0,0,830,0,23,0,1,0,0,0,24,0,0,10,18,0,0,25,0,0,0,0,22,12,0,9,20,0,10,12,0,0,0,0,0,0,0,11,10,0,0,0,0,0,12,17,10,11,11,0,2,0,344,0,39,2,1
8ARQ,0,11,1178,0,0,318,0,0,0,381,0,24,0,2,0,0,0,13,0,0,17,13,0,0,29,0,0,1,0,25,14,0,9,19,0,10,10,0,0,0,0,0,0,0,3,10,0,0,0,0,0,6,14,7,6,7,0,2,0,411,0,44,4,1
4CPN,0,58,3784,0,0,1046,1,0,0,1146,0,38,0,8,0,0,0,21,0,0,28,20,0,0,25,0,0,0,0,31,45,0,14,37,0,27,37,0,0,0,0,0,0,0,11,20,0,0,0,0,0,15,23,7,23,18,0,18,0,463,0,42,4,0
6RTT,0,28,4693,0,0,1362,0,0,0,1436,0,46,0,6,0,0,0,48,0,0,7,41,0,0,33,0,0,0,0,78,51,0,8,16,0,18,43,0,0,0,0,0,0,0,5,7,0,0,0,0,0,17,29,14,25,13,0,7,0,351,0,37,4,0
5AVF,0,4,2392,0,0,607,0,0,0,769,0,17,0,4,0,0,0,25,0,0,14,8,0,0,19,0,0,0,0,18,19,0,2,23,0,20,13,0,0,0,0,0,0,0,8,8,0,0,0,0,0,9,19,4,14,13,0,0,0,337,0,38,2,1
2C1O,0,27,4175,0,0,1120,0,0,0,1334,0,40,0,11,0,0,0,34,0,0,26,17,0,0,15,0,0,0,0,26,32,0,6,67,0,13,44,0,0,0,0,0,0,0,6,20,0,0,0,0,0,14,23,22,28,18,0,10,0,338,0,37,2,0
2C20,0,66,9870,0,0,2640,0,0,0,2994,0,26,0,4,0,0,0,28,0,0,19,12,0,0,25,0,0,0,0,26,27,0,8,13,0,19,17,0,0,0,0,0,0,0,11,15,0,0,0,0,0,13,22,10,11,21,0,3,0,403,0,47,2,1
8CDP,0,30,3290,0,0,913,0,0,0,967,0,89,0,18,0,0,0,73,0,0,43,59,0,0,67,0,0,0,0,96,53,0,26,60,0,32,44,0,0,0,0,0,0,0,24,27,0,0,0,0,0,29,49,52,46,36,0,13,0,0,0,0,2,0
4O6H,0,85,7902,0,0,2110,0,0,11960,2366,0,19,0,3,0,0,0,13,0,0,16,11,0,0,9,0,0,0,0,13,15,0,9,13,0,16,8,0,0,0,0,0,0,0,12,5,0,0,0,0,0,8,23,12,16,8,0,4,0,344,0,39,2,1
7C1D,0,0,1254,0,0,360,0,0,0,420,0,4,0,0,0,0,0,19,0,0,15,0,0,0,18,0,0,0,0,19,18,0,4,4,0,2,10,0,0,0,0,0,0,0,1,4,0,0,0,0,0,2,6,6,5,3,0,0,0,0,0,0,6,1
1WK2,0,0,431,0,0,127,0,0,0,109,0,14,0,3,0,0,0,12,0,0,6,15,0,0,13,0,0,0,0,9,10,2,0,4,0,5,1,0,0,0,0,0,0,0,4,4,0,0,0,0,0,4,4,2,8,1,0,0,0,0,0,0,1,0
2YE9,0,5,1039,0,0,272,0,0,0,320,0,18,0,1,0,0,0,11,0,0,18,8,0,0,25,0,0,0,0,16,17,0,8,18,0,21,17,0,0,0,0,0,0,0,16,7,0,0,0,0,0,10,19,9,5,8,0,0,0,326,0,36,2,1
3BXP,1,4,2572,0,0,707,0,0,0,735,0,24,0,7,0,0,0,17,0,0,5,10,0,0,7,0,0,0,0,36,21,6,0,10,0,18,23,0,0,0,0,0,0,0,13,13,0,0,0,0,0,7,12,24,14,8,0,2,0,0,0,0,2,1
4RLD,0,48,6480,0,0,1672,0,0,0,1968,0,18,0,3,0,0,0,33,0,0,16,7,0,0,16,0,0,0,0,20,30,0,1,23,0,27,19,0,0,0,0,0,0,0,7,13,0,0,0,0,0,20,20,15,13,18,0,11,0,0,0,0,1,0
3R3S,0,22,5725,0,0,1523,0,0,0,1735,0,25,0,2,0,0,0,19,0,0,17,10,0,0,18,0,0,0,0,38,27,0,3,17,0,18,16,0,0,0,0,0,0,0,5,13,0,0,0,0,0,6,12,22,19,4,0,3,0,406,0,48,4,0
8GRB,0,335,24616,0,0,6725,0,0,0,7377,0,55,0,2,0,0,0,57,0,0,46,30,0,0,50,0,0,0,0,64,55,0,29,38,0,44,32,0,0,0,0,0,0,0,19,19,0,0,0,0,0,23,36,17,27,33,0,15,0,0,0,0,4,1
5JAW,0,130,21451,0,0,5690,0,0,0,6211,0,47,0,15,0,0,0,42,0,0,33,24,0,0,32,0,0,0,0,52,37,0,15,23,0,18,27,0,0,0,0,0,0,0,13,23,0,0,0,0,0,23,36,26,34,29,0,1,0,371,0,38,4,0
8EQJ,0,16,2090,0,0,488,0,0,0,548,0,34,0,8,0,0,0,27,0,0,13,7,0,0,15,0,0,0,0,13,36,0,4,29,0,21,24,0,0,0,0,0,0,0,10,17,0,0,0,0,0,17,13,13,15,8,0,7,0,0,0,0,2,1
5WPI,0,26,3852,0,0,981,0,0,0,1094,0,25,0,10,0,0,0,16,0,0,20,18,0,0,32,0,0,0,0,19,20,0,12,25,0,32,19,0,0,0,0,0,0,0,21,12,0,0,0,0,0,26,26,12,28,11,0,3,0,347,0,37,2,1
2WJU,0,56,9312,0,0,2392,0,0,0,2640,0,30,0,1,0,0,0,9,0,0,23,11,0,0,20,0,0,0,0,14,10,0,8,14,0,16,5,0,0,0,0,0,0,0,3,10,0,0,0,0,0,10,12,8,11,7,0,0,0,358,0,40,2,1
3AQA,0,6,1697,0,0,448,0,0,0,464,0,10,0,3,0,0,0,9,0,0,11,4,0,0,6,0,0,0,0,7,5,7,0,6,0,7,7,0,0,0,0,0,0,0,3,6,0,0,0,0,0,5,6,10,7,7,0,2,0,395,0,47,1,0
5NSM,0,264,28880,0,0,7707,0,0,0,8773,0,45,0,0,0,0,0,54,0,0,28,20,0,0,30,0,0,0,0,65,45,0,9,23,0,16,35,0,0,0,0,0,0,0,11,18,0,0,0,0,0,21,24,12,30,21,0,14,0,318,0,33,6,0
5HN9,0,60,7234,0,0,1773,0,0,0,2069,0,38,0,4,0,0,0,21,0,0,34,10,0,0,29,0,0,0,0,20,16,0,8,19,0,40,12,0,0,0,0,0,0,0,9,28,0,0,0,0,0,14,26,7,5,27,0,8,0,338,0,37,2,1
3GD5,0,48,8298,0,0,2394,0,0,0,2430,0,40,0,2,0,0,0,23,0,0,6,23,0,0,23,0,0,0,0,42,27,0,6,14,0,13,18,0,0,0,0,0,0,0,18,7,0,0,0,0,0,8,15,14,11,9,0,4,0,338,0,37,6,0
4OME,0,23,3672,0,0,954,0,0,0,1065,0,53,0,10,0,0,0,46,0,0,45,32,0,0,47,0,0,0,0,48,56,0,14,56,0,38,28,0,0,0,0,0,0,0,15,39,0,0,0,0,0,40,35,20,45,37,0,3,0,0,0,0,2,1
1WPW,0,20,3290,0,0,884,0,0,0,986,0,27,0,0,0,0,0,27,0,0,25,18,0,0,22,0,0,0,0,36,26,0,8,18,0,33,11,0,0,0,0,0,0,0,3,16,0,0,0,0,0,9,23,4,11,17,0,2,0,0,0,0,4,0
3UJQ,0,0,4877,0,0,1261,0,0,0,1526,0,27,0,6,0,0,0,19,0,0,17,6,0,0,14,0,0,0,0,26,18,0,1,31,0,17,25,0,0,0,0,0,0,0,2,5,0,0,0,0,0,18,12,6,9,22,0,0,0,375,0,36,4,0
1KI6,0,30,2952,0,0,808,0,0,0,835,0,78,0,8,0,0,0,40,0,0,6,44,0,0,22,0,0,0,0,79,56,0,24,28,0,34,52,0,0,0,0,0,0,0,18,22,0,0,0,0,0,14,36,26,53,14,0,8,0,367,0,40,2,1
2GM3,0,36,4386,0,0,1213,0,0,0,1305,0,9,0,2,0,0,0,20,0,0,14,9,0,0,11,0,0,0,0,10,10,3,0,13,0,9,8,0,0,0,0,0,0,0,4,2,0,0,0,0,0,10,16,4,9,6,0,6,0,0,0,0,2,1
7WG5,0,386,60280,0,0,15237,0,0,0,16378,0,1215,0,226,0,0,0,638,0,122,537,464,0,0,490,0,0,0,0,811,883,0,286,904,0,803,624,0,0,0,0,0,0,0,225,419,0,0,0,0,0,672,464,320,620,432,0,133,0,0,0,0,58,0
6QR5,0,14,1995,0,0,544,0,0,0,593,0,21,0,6,0,0,0,23,0,0,5,16,0,0,15,0,0,0,0,21,25,0,6,17,0,11,13,0,0,0,0,0,0,0,7,6,0,0,0,0,0,3,20,8,17,2,0,2,0,386,0,46,2,1
7CGE,0,68,10144,0,0,2654,0,0,0,2928,0,111,0,10,0,0,0,70,0,0,29,40,0,0,31,0,0,0,0,74,72,0,30,54,0,47,50,0,0,0,0,0,0,0,12,16,0,0,0,0,0,28,44,21,37,28,0,5,0,459,0,41,12,1
7SSF,0,66,4720,0,0,1356,0,0,7714,1555,0,16,0,0,0,0,0,23,0,0,19,11,0,0,9,0,0,0,0,29,27,0,8,24,0,11,9,0,0,0,0,0,0,0,0,9,0,0,1,0,0,6,17,4,6,13,0,7,0,413,0,42,4,1
5T1X,0,30,4328,0,0,1182,0,0,0,1300,0,26,0,6,0,0,0,15,0,0,12,7,0,0,4,0,0,0,0,8,26,0,2,14,0,9,12,0,0,0,0,0,0,0,6,9,0,0,0,0,0,8,18,9,6,20,0,4,0,401,0,39,2,0
4AY3,0,25,2992,0,0,807,0,0,0,917,0,17,0,1,0,0,0,16,0,0,9,7,0,0,11,0,0,0,0,19,19,0,7,15,0,11,7,0,0,0,0,0,0,0,11,4,0,0,0,0,0,2,9,3,8,4,0,1,0,343,0,38,2,1
5PGY,0,69,5189,0,0,1406,0,0,0,1531,0,26,0,1,0,0,0,25,0,0,17,12,0,0,18,0,0,0,0,27,22,0,16,26,0,16,15,0,0,0,0,0,0,0,10,10,0,0,0,0,0,9,8,9,5,10,0,4,0,407,0,48,2,1
4GOE,0,4,473,0,0,129,0,0,0,145,0,8,0,0,0,0,0,3,0,0,2,2,0,0,4,0,0,0,0,6,3,0,1,4,0,3,2,0,0,0,0,0,0,0,2,1,0,0,0,0,0,2,4,4,0,0,0,1,0,294,0,29,2,1
1G0U,0,158,30946,0,0,8290,0,0,0,9512,0,275,0,24,0,0,0,234,0,0,210,144,0,0,210,0,0,0,0,274,262,0,55,242,0,216,201,0,0,0,0,0,0,0,63,153,0,0,0,0,0,112,197,117,101,128,0,35,0,338,0,37,28,1
6UW7,0,21,2979,0,0,836,0,0,0,879,0,32,0,8,0,0,0,30,0,0,9,19,0,0,16,0,0,0,0,35,41,0,7,15,0,17,17,0,0,0,0,0,0,0,9,6,0,0,0,0,0,7,21,10,19,5,0,4,0,398,0,47,2,1
7YSV,0,116,13316,0,0,3552,0,0,0,3884,0,89,0,16,0,0,0,54,0,0,50,42,0,0,50,0,0,0,0,51,52,0,26,61,0,58,49,0,0,0,0,0,0,0,14,38,0,0,0,0,0,37,45,23,35,43,0,8,0,336,0,37,4,1
8EZC,0,27,3113,0,0,856,0,0,0,928,0,66,0,1,0,0,0,36,0,0,26,33,0,0,44,0,0,0,0,83,63,0,20,36,0,42,28,0,0,0,0,0,0,1,19,19,0,0,0,0,0,25,31,27,35,22,0,8,0,379,0,43,4,1
6NXL,0,8,2877,0,0,736,0,0,0,869,0,9,0,1,0,0,0,4,0,0,6,3,0,0,6,0,0,0,0,3,7,0,1,5,0,8,6,0,0,0,0,0,0,0,0,1,0,0,0,0,0,2,6,7,3,2,0,0,0,324,0,36,2,1
4E5Y,0,40,6184,0,0,1662,0,0,0,1803,0,21,0,5,0,0,0,28,0,0,19,13,0,0,18,0,0,0,0,24,24,0,7,18,0,16,22,0,0,0,0,0,0,0,11,10,0,0,0,0,0,20,19,12,14,16,0,4,0,410,0,47,2,1
3NFF,0,12,4141,0,0,1077,0,0,0,1309,0,20,0,1,0,0,0,18,0,0,29,8,0,0,16,0,0,0,0,7,14,0,5,24,0,10,17,0,0,0,0,0,0,0,3,10,0,0,0,0,0,9,16,11,11,13,0,1,0,336,0,37,4,1
3FFL,0,21,2553,0,0,691,0,0,0,732,0,21,0,0,0,0,0,9,0,0,14,7,0,0,5,0,0,0,0,12,6,0,5,20,0,6,7,0,0,0,0,0,0,0,11,7,0,0,0,0,0,2,7,8,9,9,0,2,0,0,0,0,2,1
3MFK,0,8,1758,30,0,509,0,0,0,592,0,16,0,4,0,0,0,7,0,0,16,9,0,0,8,0,0,0,0,11,10,0,2,10,0,5,6,0,0,0,0,0,0,0,3,11,0,0,0,0,0,6,16,4,11,5,0,2,0,469,0,55,4,1
3MJO,0,16,3100,0,0,766,0,0,0,956,0,29,0,6,0,0,0,13,0,0,18,9,0,0,27,0,0,0,0,19,12,0,8,21,0,20,20,0,0,0,0,0,0,0,4,21,0,0,0,0,0,11,19,9,11,19,0,0,0,326,0,36,2,1
3TIF,0,18,2330,0,0,644,0,0,0,698,0,25,0,1,0,0,0,14,0,0,22,14,0,0,23,0,0,0,0,13,17,0,7,7,0,19,11,0,0,0,0,0,0,0,2,5,0,0,0,0,0,8,14,8,8,15,0,2,0,391,0,44,2,1
3VEG,0,23,4499,0,0,1214,0,0,0,1437,0,36,0,2,0,0,0,31,0,0,9,15,0,0,20,0,0,0,0,35,34,0,5,29,0,11,16,0,0,0,0,0,0,0,9,8,0,0,0,0,0,16,36,7,24,7,0,3,0,405,0,52,6,0
1DMJ,0,32,4191,0,0,1166,0,0,0,1204,0,42,0,12,0,0,0,26,0,0,12,30,0,0,26,0,0,0,0,40,27,0,6,30,0,18,23,0,0,0,0,0,0,0,13,13,0,0,0,0,0,16,20,23,41,16,0,10,0,444,0,55,2,1
3O39,0,0,868,0,0,256,0,0,0,267,0,6,0,0,0,0,0,0,0,0,12,7,0,0,9,0,0,0,0,10,3,7,0,4,0,7,5,0,0,0,0,0,0,0,8,1,0,0,0,0,0,4,6,10,3,6,0,0,0,0,0,0,2,1
6IDH,0,15,2095,0,0,557,0,0,0,667,0,29,0,9,0,0,0,34,0,0,24,14,0,0,16,0,0,0,0,22,32,0,7,64,0,13,45,0,0,0,0,0,0,0,7,23,0,0,0,0,0,13,18,17,25,18,0,8,0,338,0,37,2,0
2GO7,0,0,4149,0,0,1049,0,0,0,1280,0,20,0,2,0,0,0,13,0,0,10,9,0,0,17,0,0,0,0,16,11,2,0,15,0,15,12,0,0,0,0,0,0,0,2,10,0,0,0,0,0,12,14,13,4,10,0,0,0,0,0,0,1,0
5DLR,0,37,2493,0,0,675,0,0,0,693,0,51,0,3,0,0,0,13,0,0,16,13,0,0,15,0,0,0,0,15,10,0,15,23,0,14,11,0,0,0,0,0,0,0,15,4,0,0,0,0,0,7,14,10,9,9,0,4,0,338,0,37,4,1
7PSN,0,34,5952,0,0,1588,0,0,0,1670,0,70,0,8,0,0,0,40,0,0,37,34,0,0,28,0,0,0,0,45,39,0,14,34,0,50,40,0,0,0,0,0,0,0,10,16,0,0,0,0,0,34,34,23,18,30,0,3,0,0,0,0,2,1
6GSU,0,22,2352,0,0,606,0,0,0,652,0,25,0,4,0,0,0,5,0,0,19,13,0,0,15,0,0,0,0,12,9,0,8,12,0,13,6,0,0,0,0,0,0,0,4,14,0,0,0,0,0,12,15,7,12,9,0,3,0,392,0,47,2,1
2YVN,0,1,928,0,0,244,0,0,0,264,0,29,0,1,0,0,0,16,0,0,6,14,0,0,24,0,0,0,0,17,10,0,1,7,0,4,14,0,0,0,0,0,0,0,5,5,0,0,0,0,0,7,2,3,17,0,0,0,0,312,0,34,2,1
3M4C,0,26,2051,0,0,596,0,0,0,658,0,9,0,2,0,0,0,3,0,0,11,2,0,0,8,0,0,0,0,21,3,0,3,3,0,3,7,0,0,0,0,0,0,0,6,1,0,0,0,0,0,2,9,6,4,7,0,5,0,0,0,0,15,0
4GUZ,0,20,5696,0,0,1604,0,0,0,1644,0,34,0,6,0,0,0,20,0,0,4,23,0,0,19,0,0,0,0,26,25,0,3,15,0,12,15,0,0,0,0,0,0,0,11,9,0,0,0,0,0,11,17,13,16,3,0,2,0,338,0,37,1,0
2FSW,0,4,1131,0,0,306,0,0,0,304,0,11,0,1,0,0,0,4,0,0,12,7,0,0,11,0,0,0,0,4,7,4,0,5,0,14,2,0,0,0,0,0,0,0,0,3,0,0,0,0,0,4,3,3,7,3,0,2,0,0,0,0,2,1
1KPK,0,120,13314,0,0,3420,0,0,0,3420,0,67,0,6,0,0,0,30,0,0,13,23,0,0,17,0,0,0,0,58,57,0,18,15,0,37,29,0,0,0,0,0,0,0,6,9,0,0,0,0,0,27,11,14,21,12,0,3,0,336,0,37,2,1
7RS7,0,63,4857,0,0,1287,0,0,0,1373,0,46,0,3,0,0,0,13,0,0,14,12,0,0,15,0,0,0,2,15,10,0,15,21,0,13,11,0,0,0,0,0,0,0,13,5,0,0,0,0,0,7,13,9,9,9,0,2,0,356,0,39,2,1
4QUS,0,18,1586,0,0,444,0,0,0,480,0,16,0,2,0,0,0,12,0,0,5,12,0,0,17,0,0,0,0,7,14,0,6,3,0,8,2,0,0,0,0,0,0,0,4,7,0,0,0,0,0,5,11,3,5,8,0,2,0,347,0,37,2,1
5ZPN,0,20,6340,0,0,1761,0,0,0,1884,0,45,0,12,0,0,0,53,0,0,13,48,0,0,46,0,0,0,0,51,55,0,6,36,0,34,37,0,0,0,0,0,0,0,14,18,0,0,0,0,1,30,43,15,37,23,0,3,0,370,0,41,2,1
1BG9,0,9,2040,0,0,552,2,0,0,583,0,28,0,16,0,0,0,25,0,0,24,17,0,0,17,0,0,0,0,35,46,0,6,13,0,26,17,0,0,0,0,0,0,0,15,15,0,0,0,0,0,17,36,12,19,16,0,3,0,0,0,0,2,1
1VWB,0,2,643,0,0,176,0,0,244,196,0,7,1,6,0,0,0,7,0,0,4,4,0,0,5,0,0,0,0,17,16,0,0,9,0,3,19,0,0,0,0,0,0,0,3,6,0,0,0,0,0,3,4,4,3,7,0,2,0,0,0,0,8,0
5IPY,0,34,4582,0,0,1215,0,0,0,1339,0,23,0,14,0,0,0,25,0,0,26,22,0,0,28,0,0,0,0,52,28,0,11,25,0,18,24,0,0,0,0,0,0,0,21,23,0,0,0,0,0,27,36,11,18,14,0,7,0,485,0,61,2,1
3CVE,0,0,1294,0,0,366,0,0,0,432,0,13,0,0,0,0,0,1,0,0,6,4,0,0,11,0,0,0,0,2,3,2,0,7,0,3,2,0,0,0,0,0,0,0,2,0,0,0,0,0,0,2,4,5,0,4,0,1,0,0,0,0,4,0
3PKB,0,9,1367,0,0,373,0,0,0,417,0,18,0,5,0,0,0,28,0,0,8,15,0,0,17,0,0,0,0,25,27,0,6,10,0,19,28,0,0,0,0,0,0,0,8,9,0,0,0,0,0,7,18,5,18,10,0,4,0,338,0,37,1,0
6ECI,0,20,12152,0,0,3529,0,0,0,3543,0,11,0,4,0,0,0,16,0,0,3,11,0,0,8,0,0,0,0,14,7,0,0,5,0,7,14,0,0,0,0,0,0,0,3,0,0,0,0,0,0,6,8,4,4,6,0,1,0,378,0,45,2,1
2QO0,0,26,3006,0,0,852,0,0,0,927,0,23,0,3,0,0,0,24,0,0,7,20,0,0,13,0,0,0,0,52,36,0,10,18,0,20,22,0,0,0,0,0,0,0,4,6,0,0,0,0,0,13,23,10,17,10,0,4,0,338,0,37,2,1
4JAO,0,32,6684,0,0,1876,0,0,0,1976,0,48,0,4,0,0,0,30,0,0,7,26,0,0,16,0,0,0,0,39,33,0,6,25,0,18,16,0,0,0,0,0,0,0,9,6,0,0,0,0,0,9,26,4,22,6,0,3,0,0,0,0,2,1
2BYX,0,92,7408,0,0,2072,0,0,0,2344,0,27,0,2,0,0,0,32,0,0,15,18,0,0,25,0,0,0,0,48,51,0,18,34,0,24,23,0,0,0,0,0,0,0,16,10,0,0,0,0,0,13,20,11,12,13,0,6,0,374,0,38,2,1
2GSR,0,16,2122,0,0,568,0,0,0,608,0,27,0,2,0,0,0,12,0,0,13,11,0,0,12,0,0,0,0,15,12,0,4,11,0,7,8,0,0,0,0,0,0,0,4,10,0,0,0,0,0,9,11,12,14,9,0,4,0,371,0,43,2,1
1A3W,0,34,4742,0,0,1297,0,0,0,1446,0,35,0,1,0,0,0,48,0,0,37,24,0,0,28,0,0,0,0,43,34,0,11,27,0,37,38,0,0,0,0,0,0,0,7,15,0,0,0,0,0,15,32,10,25,26,0,7,0,0,0,0,4,0
8P94,0,331,31731,0,0,8511,0,0,49452,9499,0,252,0,44,0,0,0,242,0,0,251,186,1,0,265,0,0,0,0,239,239,0,86,228,0,195,178,1,0,1,0,0,0,0,84,127,0,0,0,0,0,150,222,148,147,129,0,54,0,428,0,46,30,0
4BB5,0,59,5100,0,0,1369,0,0,0,1485,0,31,0,1,0,0,0,25,0,0,19,11,0,0,18,0,0,0,0,29,18,0,15,25,0,17,14,0,0,0,0,0,0,0,9,15,0,0,0,0,0,11,8,7,6,10,0,3,0,0,0,0,2,1
7NYF,0,10,1186,0,0,326,0,0,0,380,0,24,0,2,0,0,0,12,0,0,17,16,0,0,30,0,0,0,0,25,17,0,9,21,0,11,10,0,1,0,0,0,0,0,3,10,0,0,0,0,0,5,14,7,6,7,1,1,0,395,0,46,4,1
1EIX,0,44,4422,0,0,1228,0,0,0,1313,0,23,0,1,0,0,0,24,0,0,9,15,0,0,9,0,0,0,0,33,16,0,9,15,0,8,14,0,0,0,0,0,0,0,4,3,0,0,0,0,0,11,18,13,12,5,0,3,0,370,0,41,2,1
6DG3,0,70,13644,0,0,3754,0,0,0,4190,0,32,0,3,0,0,0,19,0,0,15,18,0,0,13,0,0,0,0,33,17,0,7,19,0,8,20,0,0,0,0,0,0,0,4,8,0,0,0,0,0,15,22,9,6,17,0,1,0,338,0,37,6,0
6P7U,0,56,7741,0,0,2242,0,0,0,2316,0,38,0,4,0,0,0,52,0,0,14,33,0,0,27,0,0,0,0,61,50,0,10,23,0,20,22,0,0,0,0,0,0,0,16,8,0,0,0,0,0,14,32,9,23,10,0,7,0,368,0,46,2,1
8BG0,0,4,526,0,0,144,0,0,0,138,0,2,0,0,0,0,0,6,0,0,2,1,0,0,3,0,0,0,0,3,6,0,1,2,0,2,0,0,0,0,0,0,0,0,3,1,0,0,0,0,0,3,3,1,0,1,0,0,0,0,0,0,12,1
3WUX,0,12,2042,0,0,528,0,0,0,590,0,38,0,11,0,0,0,16,0,0,27,17,0,0,30,0,0,0,0,25,26,0,9,19,0,26,20,0,0,0,0,0,0,0,10,31,0,0,0,0,0,17,22,13,13,24,0,4,0,347,0,37,1,0
4G6Q,0,0,1677,0,0,469,0,0,0,504,0,25,0,1,0,0,0,14,0,0,1,14,0,0,11,0,0,0,0,19,12,4,0,7,0,7,19,0,0,0,0,0,0,0,6,4,0,0,0,0,0,6,13,8,8,3,0,0,0,0,0,0,2,1
1BFS,0,3,552,0,0,143,0,0,192,166,0,6,0,1,0,0,0,9,0,0,9,6,0,0,10,0,0,0,0,4,7,0,1,5,0,6,6,0,0,0,0,0,0,0,1,5,0,0,0,0,0,7,8,4,6,3,0,2,0,338,0,37,2,1
3WYB,0,14,3210,0,0,886,0,0,0,986,0,22,0,2,0,0,0,28,0,0,18,17,0,0,24,0,0,0,0,25,27,0,6,23,0,20,15,0,0,0,0,0,0,0,15,11,0,0,0,0,0,15,21,12,16,15,0,2,0,338,0,37,2,1
7RRX,0,62,4617,0,0,1215,0,0,0,1299,0,46,0,3,0,0,0,13,0,0,14,12,0,0,15,0,0,0,1,15,10,0,15,21,0,13,11,0,0,0,0,0,0,0,13,5,0,0,0,0,0,7,13,9,9,9,0,3,0,356,0,39,2,1
1TED,0,56,6890,0,0,1876,0,0,0,2034,0,36,0,3,0,0,0,45,0,0,9,25,0,0,21,0,0,0,0,46,31,0,10,26,0,25,17,0,0,0,0,0,0,0,7,5,0,0,0,0,0,15,20,13,21,13,0,5,0,380,0,38,2,1
5GL0,0,644,70536,0,0,19312,0,0,0,20504,0,568,0,66,0,0,0,328,0,0,235,304,0,0,490,0,0,0,0,399,380,0,150,287,0,202,230,0,0,0,0,0,0,0,135,145,0,0,0,0,0,212,260,205,277,171,0,101,0,336,0,37,8,0
6BNW,0,0,22252,0,0,7580,0,0,0,7566,0,109,0,8,0,0,0,68,0,0,86,58,0,0,83,0,0,0,0,75,76,0,30,78,0,79,60,0,0,0,0,0,0,0,34,44,0,0,0,0,0,59,73,42,44,59,0,24,0,336,0,37,14,0
4MOH,0,26,2866,0,0,777,0,0,0,872,0,45,0,9,0,0,0,40,0,0,30,28,0,0,36,0,0,0,0,44,41,0,17,49,0,26,45,0,0,0,0,0,0,0,20,15,0,0,0,0,0,36,39,28,44,31,0,10,0,0,0,0,4,0
2YY2,0,60,3442,0,0,888,0,0,0,981,0,32,0,6,0,0,0,16,0,0,17,16,0,0,29,0,0,0,0,17,9,0,19,18,0,22,15,0,0,0,0,0,0,0,11,11,0,0,0,0,0,18,20,11,19,16,0,11,0,365,0,41,2,1
6UV8,0,5,953,0,0,263,0,0,0,282,0,17,0,7,0,0,0,17,0,0,9,8,0,0,17,0,0,0,0,9,6,0,2,10,0,18,9,0,0,0,0,0,0,0,10,4,0,0,0,0,0,2,6,22,4,8,0,3,0,412,0,49,2,1
7UWD,0,88,28805,0,0,8570,0,0,0,8699,0,462,0,38,0,0,0,324,0,56,237,211,0,0,306,0,0,0,0,343,268,0,118,308,0,272,212,0,0,0,0,0,0,0,78,150,0,0,0,0,0,183,209,179,159,149,0,51,0,336,0,37,31,0
5X2R,0,36,8370,0,0,2268,0,0,0,2358,0,36,0,3,0,0,0,31,0,0,22,6,0,0,12,0,0,0,0,36,20,0,3,16,0,0,16,0,0,0,0,0,0,0,19,6,0,0,0,0,0,15,15,4,14,10,0,3,0,450,0,66,4,1
2C21,0,66,4430,0,0,1113,0,0,0,1331,0,11,0,1,0,0,0,12,0,0,10,7,0,0,14,0,0,0,0,7,11,0,10,7,0,6,8,0,0,0,0,0,0,0,5,10,0,0,0,0,0,4,13,1,5,2,0,0,0,368,0,36,2,1
2ISA,0,88,19498,0,0,5496,0,0,0,5792,0,33,0,9,1,0,0,26,0,0,25,27,0,0,27,0,0,0,0,40,36,0,9,23,0,18,24,0,0,0,0,0,0,0,20,16,0,0,0,0,0,30,37,21,29,29,0,3,0,436,0,55,4,0
2VAT,0,228,20694,0,0,5814,0,0,0,6068,0,29,0,6,0,0,0,26,0,0,13,32,0,0,16,0,0,0,0,43,29,0,13,39,0,26,22,0,0,0,0,0,0,0,12,14,0,0,0,0,0,21,31,19,29,13,0,11,0,0,0,0,2,1
6ZTN,0,254,89680,4811,0,31980,0,0,0,46077,0,723,0,49,0,0,0,808,14,0,763,795,0,0,649,0,0,0,0,849,729,0,234,431,2,541,466,0,0,0,1,1,0,0,186,196,0,0,0,1,0,271,448,328,333,321,0,55,1,0,0,0,63,0
7X32,0,42,8530,0,0,2297,0,0,0,2562,0,19,0,3,0,0,0,20,0,0,18,7,0,0,13,0,0,0,0,27,11,0,5,13,0,7,11,0,0,0,0,0,0,0,7,4,0,0,0,0,0,11,17,7,8,8,0,1,0,444,0,54,2,1
7O90,0,6,1441,0,0,391,0,0,2210,440,0,11,0,2,0,0,0,3,0,0,11,7,0,0,18,0,0,0,0,17,15,0,4,4,0,7,10,0,0,0,0,0,0,0,3,5,0,0,0,0,0,8,5,6,5,3,0,0,0,326,0,36,2,1
2BT8,0,8,781,0,0,216,0,0,0,255,0,12,0,1,0,0,0,14,0,0,0,10,0,0,1,0,0,0,0,13,12,0,6,24,0,6,19,0,0,0,0,0,0,0,5,6,0,0,0,0,0,9,13,5,7,5,0,2,0,0,0,0,3,0
3TLO,0,41,2920,0,0,786,0,0,0,864,0,27,0,4,0,0,0,36,0,0,10,9,0,0,11,0,0,0,0,17,32,0,6,29,0,11,17,0,0,0,0,0,0,0,11,12,0,0,0,0,0,14,11,9,7,19,0,11,0,367,0,37,2,1
8JBI,0,20,3071,0,0,853,0,0,0,950,0,9,0,0,0,0,0,16,0,0,11,10,0,0,11,0,0,0,0,9,11,0,5,13,0,15,3,0,0,0,0,0,0,0,4,6,0,0,0,0,0,7,16,9,5,14,0,0,0,349,0,37,4,1
2HAX,0,2,836,10,0,213,0,0,0,302,0,2,0,1,0,0,0,8,0,0,5,2,0,0,8,0,0,0,0,3,10,0,1,2,0,3,2,0,0,0,0,0,0,0,1,1,0,0,0,0,0,6,1,5,1,4,0,0,0,380,0,40,4,1
3K5T,0,16,3609,0,0,952,0,0,0,1014,0,66,0,17,0,0,0,52,0,0,24,45,0,0,42,1,0,0,0,42,54,0,10,46,0,21,44,0,0,0,0,0,0,0,35,33,0,0,0,0,0,42,33,29,60,28,0,7,0,399,0,43,2,1
6U8X,0,31,5327,46,0,1474,0,0,0,1609,0,51,0,12,0,1,0,44,0,0,35,33,0,0,32,0,0,0,0,26,31,0,9,31,0,22,19,0,0,0,0,0,0,0,10,16,0,0,0,0,0,28,25,12,32,24,0,8,0,542,0,64,6,1
6OZ8,0,30,3266,0,0,908,0,0,0,990,0,14,0,0,0,0,0,13,0,0,3,8,0,0,6,0,0,0,0,17,13,0,5,2,0,11,9,0,0,0,0,0,1,0,11,5,0,0,0,0,0,2,14,2,6,4,0,1,0,322,0,34,8,0
7EBS,0,14,1374,0,0,355,0,0,0,397,0,25,0,4,0,0,0,18,0,0,23,14,0,0,22,0,0,0,0,12,7,0,8,17,0,15,12,0,0,0,0,0,0,0,6,12,0,0,0,0,0,17,21,8,7,12,0,7,0,0,0,0,2,1
1EKQ,0,12,2318,0,0,653,0,0,0,717,0,23,0,2,0,0,0,28,0,0,11,9,0,0,16,0,0,0,0,43,23,0,4,15,0,20,21,0,0,0,0,0,0,0,7,3,1,0,0,0,0,5,11,10,7,11,0,2,0,0,0,0,3,0
2FI4,0,21,1360,0,0,381,0,0,0,433,0,16,0,4,0,0,0,18,0,0,18,8,0,0,6,0,1,0,0,20,31,0,3,36,0,17,13,0,0,0,0,0,0,0,3,14,0,0,0,0,0,7,8,11,12,18,0,17,0,360,0,39,2,0
6RIQ,0,110,18832,0,0,5313,0,0,0,5720,0,42,0,1,0,0,0,41,0,0,28,27,0,0,32,0,0,0,0,44,37,0,8,23,0,21,17,0,0,0,0,0,0,0,6,8,0,0,0,0,0,9,25,13,20,10,0,3,0,0,0,0,22,0
1NOC,0,30,3091,0,0,807,0,0,0,866,0,48,0,17,0,0,0,36,0,0,26,27,0,0,42,0,0,0,0,40,33,0,20,24,0,32,37,0,0,0,0,0,0,0,29,27,0,0,0,0,0,38,29,33,30,27,0,12,0,413,0,54,3,0
4FEW,0,28,7927,0,0,2170,0,0,0,2297,0,30,0,6,0,0,0,16,0,0,11,17,0,0,12,0,0,0,0,16,18,7,0,16,0,13,10,0,0,0,0,0,0,0,7,7,0,0,0,0,0,16,24,10,15,16,0,5,0,430,0,38,1,0
3ZTS,0,56,8596,0,0,2268,0,0,0,2502,0,7,0,0,0,0,0,10,0,0,10,9,0,0,16,0,0,0,0,14,10,0,4,8,0,13,4,0,0,0,0,0,0,0,2,3,0,0,0,0,0,11,6,5,7,2,0,1,0,315,0,32,4,0
6A5L,0,200,26695,337,0,7842,0,0,0,8982,0,421,0,34,0,0,0,303,0,0,320,320,0,0,359,0,0,0,0,317,329,0,141,374,0,306,291,0,0,0,0,0,0,0,105,183,0,0,0,0,0,174,305,198,272,203,0,74,0,565,0,68,25,0
7AWP,0,16,1938,0,0,469,0,0,0,510,0,68,0,2,0,0,0,48,0,0,25,20,0,0,31,0,0,0,0,48,43,0,20,28,0,49,33,0,0,0,0,0,0,0,3,12,0,0,0,0,0,21,17,14,19,19,0,2,0,336,0,37,3,0
3LFL,0,31,3600,0,0,908,0,0,0,1008,0,27,0,5,0,0,0,10,0,0,23,9,0,0,23,0,0,0,0,13,15,0,7,17,0,12,9,0,0,0,0,0,0,0,2,9,0,0,0,0,0,13,9,6,16,10,0,5,0,387,0,41,2,1
7R6A,0,36,6345,0,0,1707,0,0,0,1917,0,37,0,1,0,0,0,22,0,0,8,13,0,0,13,0,0,0,0,29,27,0,9,26,0,23,20,0,0,0,0,0,0,0,10,11,0,0,0,0,0,12,17,21,18,21,0,0,0,341,0,38,2,1
3SC2,0,13,2056,0,1,544,0,1,0,599,2,33,0,11,0,0,0,29,0,0,9,21,0,0,17,0,0,0,0,39,35,0,7,28,0,14,24,0,0,0,0,0,0,0,14,29,0,0,0,0,0,16,27,11,25,16,0,6,0,0,0,0,4,1
4IRY,0,50,4081,0,0,1227,0,0,0,1228,0,32,0,6,0,0,0,22,0,0,19,51,0,0,37,0,0,0,0,34,43,0,21,38,0,26,28,0,0,0,0,0,0,0,12,15,0,0,0,0,0,15,23,17,14,24,0,6,0,336,0,37,2,1
7ELF,0,40,5799,0,0,1599,0,0,0,1719,0,28,0,4,0,0,0,17,0,0,21,14,0,0,16,0,0,0,0,21,17,0,6,27,0,28,10,0,0,0,0,0,0,0,7,5,0,0,0,0,0,10,21,16,17,12,0,5,0,338,0,37,2,1
8A8I,0,14,3611,0,0,1021,0,0,0,1037,0,30,0,11,0,0,0,22,0,0,9,27,0,0,24,0,0,0,0,55,30,0,6,17,0,17,15,0,0,0,0,0,0,0,18,9,0,0,0,0,0,16,20,11,23,9,0,2,0,424,0,45,2,1
6J6T,0,56,6662,0,0,1832,0,0,0,1985,0,35,0,3,0,0,0,29,0,0,10,15,0,0,20,0,0,0,0,44,34,0,6,25,0,17,19,0,0,0,0,0,0,0,13,11,0,0,0,0,0,15,18,11,17,14,0,8,0,338,0,37,4,1
5IMP,0,64,6287,0,0,1663,0,0,0,1829,0,39,0,4,0,0,0,22,0,0,12,22,0,0,31,0,0,0,0,24,15,0,10,21,0,12,12,0,0,0,0,0,0,0,13,14,0,0,0,0,0,13,16,9,14,5,0,6,0,359,0,39,2,1
5L3X,0,27,2835,0,0,747,0,0,0,827,0,84,0,6,0,0,0,43,0,0,35,21,0,0,43,0,0,0,0,47,25,0,15,38,0,28,35,0,0,0,0,0,0,0,19,11,0,0,0,0,0,20,27,26,28,19,0,12,0,0,0,0,6,0
1VIP,0,16,585,0,0,163,0,0,0,182,0,5,0,1,0,0,0,6,0,0,11,4,0,0,4,0,0,0,0,5,10,0,2,9,0,2,6,0,0,0,0,0,0,0,3,9,0,0,0,0,0,5,8,5,5,7,0,14,0,0,0,0,1,0
5V5X,0,20,7863,0,0,2163,0,0,0,2573,0,41,0,2,0,0,0,41,0,0,12,24,0,0,21,0,0,0,0,36,23,0,4,43,0,19,25,0,0,0,0,0,0,0,12,12,0,0,0,0,0,14,38,23,24,23,0,2,0,436,0,38,4,1
7DL7,0,147,13315,0,0,3681,0,0,0,4073,0,29,0,1,0,0,0,29,0,0,29,13,0,0,24,0,0,0,0,34,28,0,13,18,0,30,15,0,0,0,0,0,0,0,14,6,0,0,0,0,0,9,24,9,9,19,0,5,0,0,0,0,2,1
7E8R,0,8,1745,0,0,468,0,0,0,519,0,34,0,2,0,0,0,23,0,0,21,12,0,0,12,0,0,0,0,31,15,0,4,26,0,36,21,0,0,0,0,0,0,0,11,13,0,0,0,0,0,12,23,12,13,26,0,4,0,0,0,0,2,1
6S72,0,38,4804,0,0,1325,0,0,7348,1430,0,43,0,12,0,0,0,39,0,0,9,33,0,0,29,0,0,0,0,43,46,0,9,24,0,21,28,0,0,0,0,0,0,0,9,15,0,0,0,0,0,19,33,15,29,17,0,7,0,420,0,47,2,1
2QWG,0,23,1914,0,0,536,0,0,0,592,0,18,0,14,0,0,0,23,0,0,17,23,0,0,21,0,0,0,0,17,30,0,5,35,0,25,30,0,0,0,0,0,0,0,7,18,0,0,0,0,0,9,22,8,22,26,0,18,0,415,0,38,4,0
3Q1G,0,48,9760,0,0,2733,0,0,0,2845,0,42,0,14,0,0,0,27,0,0,22,33,0,0,38,0,0,0,0,33,33,0,10,24,0,20,24,0,0,0,0,0,0,0,18,16,0,0,0,0,0,27,32,18,22,25,0,3,0,339,0,37,1,0
4V6H,0,448,72140,0,0,19383,0,0,0,21357,0,39,0,7,0,0,0,40,0,0,28,23,0,0,33,0,0,0,0,74,47,0,9,23,0,25,27,0,0,0,0,0,0,0,6,10,0,0,0,0,0,21,23,7,25,12,0,5,0,338,0,37,4,0
1ZZJ,0,3,1076,8,0,311,0,0,0,377,0,4,0,0,0,0,0,2,0,0,6,3,0,0,4,0,0,0,0,4,10,0,1,6,0,13,6,0,0,0,0,0,0,0,1,2,0,0,0,0,0,2,4,9,3,2,0,0,0,400,0,44,4,0
3SVU,0,52,4537,0,0,1212,0,0,0,1343,0,18,0,2,0,0,0,14,0,0,19,9,0,0,17,0,0,0,0,15,21,0,9,11,0,9,19,0,0,0,0,0,0,0,7,10,0,1,0,0,0,10,10,7,11,9,0,5,0,0,0,0,1,0
8AW0,0,149,12995,0,0,3349,0,0,0,3831,0,30,0,1,0,0,0,15,0,0,17,14,0,0,24,0,0,0,0,20,17,0,12,32,0,27,9,0,0,0,0,0,0,0,11,12,0,0,0,0,0,21,19,13,16,10,0,7,0,0,0,0,2,1
8SSY,0,18,4009,0,0,1120,0,0,0,1164,0,44,0,2,0,0,0,32,0,0,18,31,0,0,37,0,0,0,0,45,37,0,8,16,0,19,18,0,0,0,0,0,0,1,11,12,0,0,0,0,0,15,16,6,25,11,0,1,0,391,0,44,2,1
4XVY,0,22,2480,0,0,692,0,0,0,746,0,21,0,4,0,0,0,21,0,0,5,21,0,0,15,0,0,0,0,22,22,0,9,17,0,12,15,0,0,0,0,0,0,0,15,11,0,0,0,0,0,10,24,7,13,6,0,4,0,381,0,42,2,1
7OWL,0,46,5985,0,0,1578,0,0,0,1736,0,16,0,1,0,0,0,13,0,0,14,12,0,0,14,0,0,0,0,11,8,0,6,8,0,23,12,0,0,0,0,0,0,0,3,9,0,0,0,0,0,7,11,8,9,11,0,2,0,378,0,43,3,0
6QXL,0,237,27062,0,0,7828,0,0,0,8222,0,43,0,2,0,0,0,45,0,0,26,35,0,0,28,0,0,0,0,60,37,0,15,26,0,27,24,0,0,0,0,0,0,0,12,9,0,0,0,0,0,11,38,12,19,9,0,5,0,357,0,39,4,0
6IFD,0,12,4416,0,0,1115,0,0,0,1324,0,23,0,2,0,0,0,13,0,0,19,9,0,0,21,0,0,0,0,18,13,0,4,19,0,23,13,0,0,0,0,0,0,0,12,12,0,0,0,0,0,8,11,8,12,10,0,1,0,406,0,42,2,1
4B3H,0,76,10604,0,0,2913,0,0,0,3225,0,99,0,8,0,0,0,88,0,0,62,52,0,0,71,0,0,0,0,135,128,0,33,65,0,64,60,0,0,0,0,0,0,0,20,18,0,0,0,0,0,40,67,35,58,31,0,5,0,351,0,37,4,1
7WWY,0,11,1365,0,0,405,0,0,0,445,0,9,0,0,0,0,0,15,0,0,9,4,0,0,9,0,0,0,0,8,26,0,2,10,0,9,10,0,0,0,0,0,0,0,8,1,0,0,0,0,0,4,9,7,5,5,0,3,0,315,0,32,2,1
8QMG,0,19,6933,0,0,1862,0,0,10802,1974,0,15,0,7,0,0,0,11,0,0,13,11,0,0,15,0,0,0,0,9,14,0,3,6,0,13,10,0,0,0,0,0,0,0,1,4,0,0,0,0,0,7,9,3,6,9,0,0,0,326,0,36,2,1
6QM4,0,40,6886,0,0,1760,0,0,0,1894,0,70,0,17,0,0,0,56,0,0,39,35,0,0,61,0,0,0,0,68,44,0,14,50,0,38,33,0,0,0,0,0,0,0,16,22,0,0,0,0,0,48,21,40,33,23,0,7,0,0,0,0,2,1
6ZIJ,0,81,8092,0,0,2371,0,0,0,2437,0,15,0,5,0,0,0,24,0,0,8,18,0,0,18,0,0,0,0,28,45,0,11,14,0,15,24,0,0,0,0,0,0,0,22,11,0,0,0,0,0,8,19,6,18,11,0,2,0,360,0,38,3,0
7M8L,0,57,11538,0,0,3123,0,0,0,3501,0,109,0,27,0,0,0,98,0,0,74,63,0,0,71,0,0,0,0,87,128,0,6,162,0,54,120,0,0,0,0,0,0,0,26,57,0,0,0,0,0,52,55,59,75,53,0,33,0,0,0,0,18,0
2AQQ,0,14,2177,0,0,634,0,0,0,679,0,15,0,2,0,0,0,10,0,0,9,3,0,0,9,0,0,0,0,10,24,0,2,6,0,7,10,0,0,0,0,0,0,0,14,2,0,0,0,0,0,2,12,5,13,7,0,2,0,338,0,37,2,1
8FNP,0,34,6982,72,0,2032,0,0,0,2174,0,16,0,7,0,0,0,27,0,0,34,19,0,0,21,0,0,0,0,35,34,0,6,20,0,24,17,0,0,0,0,0,0,0,10,8,0,0,0,0,0,9,22,18,21,10,0,6,0,0,0,0,12,1
3MOM,0,2,1588,0,0,407,0,0,0,531,0,17,0,3,0,0,0,10,0,0,4,2,0,0,1,0,0,0,0,23,23,0,2,25,0,7,12,0,0,0,0,0,0,0,4,8,0,0,0,0,0,7,16,7,7,6,0,0,0,401,0,53,2,1
6C9T,0,12,1323,0,0,386,0,0,0,373,0,27,0,0,0,0,0,9,0,0,8,19,0,0,11,0,0,0,0,25,10,0,6,13,0,5,16,0,0,0,0,0,0,0,3,1,0,0,0,0,0,5,8,4,9,5,0,2,0,315,0,32,2,1
6DYT,0,54,4585,0,0,1255,0,0,0,1357,0,32,0,1,0,0,0,32,0,0,27,26,0,0,36,0,0,0,0,42,37,0,20,18,0,29,20,0,0,0,0,0,0,0,14,23,0,0,0,0,0,20,25,17,13,18,0,6,0,338,0,37,4,0
1DZV,0,9,1008,0,0,281,0,0,0,294,0,24,0,2,0,0,0,15,0,0,9,10,0,0,18,0,0,0,0,23,13,0,5,10,0,15,14,0,0,0,0,0,0,0,11,5,0,0,0,0,0,6,6,6,9,10,0,4,0,0,0,0,4,0
5C4F,0,14,1529,0,0,400,0,0,0,408,0,28,0,6,0,0,0,31,0,0,13,22,0,0,19,0,0,0,0,18,16,0,10,11,0,10,16,0,0,0,0,0,0,0,10,13,0,0,0,0,0,18,14,15,17,7,0,4,0,395,0,42,2,1
1NQM,0,0,2199,0,0,619,0,0,0,708,0,7,0,5,0,0,0,8,0,0,7,4,0,0,5,0,0,0,0,20,16,0,0,12,0,3,19,0,0,0,0,0,0,0,2,6,0,0,0,0,0,2,6,4,3,7,0,0,0,339,0,37,4,0
5NOC,0,0,11480,0,0,3120,0,0,18560,3600,0,6,0,0,0,0,0,4,0,0,10,5,0,0,10,0,0,0,0,1,4,0,0,4,0,4,3,0,0,0,0,0,0,0,0,2,0,0,0,0,0,3,3,3,3,4,0,0,0,0,0,0,2,1
1BSR,0,30,1146,0,0,345,0,0,0,369,0,2,0,0,0,0,0,10,0,0,14,4,0,0,5,0,0,0,0,8,6,0,5,15,0,3,9,0,0,0,0,0,0,0,4,4,0,0,0,0,0,3,4,6,5,7,0,10,0,0,0,0,2,1
3BD1,0,9,906,0,0,287,0,0,0,268,0,4,0,1,0,0,0,6,0,0,1,9,0,0,4,0,0,0,0,15,6,0,1,7,0,7,1,0,0,0,0,0,0,0,1,0,0,0,0,0,0,1,3,1,4,5,0,2,0,331,0,33,6,0
6ILH,0,55,5100,0,0,1352,0,0,0,1464,0,47,0,2,0,0,0,24,0,0,37,27,0,0,44,0,0,0,0,26,32,0,21,16,0,40,28,0,0,0,0,0,0,0,25,22,0,0,0,0,0,25,31,15,29,22,0,8,0,391,0,44,2,1
1J2G,0,16,6340,0,0,1636,0,0,0,1900,0,26,0,2,0,0,0,21,0,0,21,14,0,0,29,0,0,0,0,13,20,0,4,21,0,22,28,0,0,0,0,0,0,0,8,17,0,0,0,0,0,19,11,11,13,18,0,1,0,349,0,41,4,0
2GHJ,0,0,2006,0,0,634,0,0,0,534,0,10,0,1,0,0,0,8,0,0,15,19,0,0,5,0,0,0,0,13,6,3,0,5,0,6,1,0,0,0,0,0,0,0,0,7,0,0,0,0,0,3,4,6,2,4,0,0,0,0,0,0,2,1
1IZB,0,12,514,0,0,132,0,0,0,152,0,6,0,0,0,0,0,4,0,0,1,1,0,0,3,0,0,0,0,1,4,0,0,3,0,2,3,0,0,0,0,0,0,0,2,4,0,0,0,0,0,3,0,4,1,3,0,6,0,0,0,0,2,0
2K1L,0,0,4320,0,0,1200,0,0,7368,1056,0,8,0,0,0,0,0,4,0,0,0,4,0,0,1,0,0,0,0,4,6,0,0,3,0,3,1,0,0,0,0,0,0,0,0,0,0,0,0,0,0,2,0,0,2,0,0,0,0,0,0,0,2,1
7VQ9,0,12,2174,0,0,581,0,0,0,586,0,20,0,5,0,0,0,13,0,0,18,13,0,0,13,0,0,0,0,10,20,0,5,9,0,17,10,0,0,0,0,0,0,0,5,10,0,0,0,0,0,13,16,6,10,9,0,2,0,406,0,45,2,1
4UH6,0,43,4302,0,0,1146,0,0,0,1225,0,34,0,13,0,0,0,24,0,0,26,22,0,0,27,0,0,0,0,21,24,0,11,25,0,24,25,0,0,0,0,0,0,0,14,17,0,0,0,0,0,19,23,18,24,19,0,11,0,0,0,0,2,1
6JXS,0,32,4225,0,0,1054,0,0,0,1242,0,14,0,2,0,0,0,16,0,0,18,4,0,0,17,0,0,0,0,24,19,0,9,16,0,12,9,0,0,0,0,0,0,0,12,8,0,0,0,0,0,14,12,9,10,6,0,0,0,372,0,44,2,1
6HL9,0,20,3110,0,0,855,0,0,0,878,0,40,0,4,0,0,0,27,0,0,13,21,0,0,18,0,0,0,0,23,18,0,11,22,0,9,14,0,0,0,0,0,0,0,24,12,0,0,0,0,0,17,24,21,17,17,0,1,0,349,0,39,4,0
3CW7,0,48,6154,42,0,1720,0,0,0,1824,0,33,0,9,0,0,0,15,0,0,8,20,0,0,13,0,0,0,0,40,20,0,8,9,0,12,13,0,0,0,0,0,0,0,4,12,0,0,0,0,0,9,13,14,20,6,0,4,0,469,0,55,8,0
4R2N,0,24,6872,0,0,1928,0,0,0,1981,0,33,0,3,0,0,0,44,0,0,6,28,0,0,15,0,0,0,0,51,23,0,3,16,0,15,22,0,0,0,0,0,0,0,12,10,0,0,0,0,0,14,22,11,25,10,0,4,0,390,0,44,2,1
3TS7,0,26,2834,0,0,815,0,0,0,852,0,38,0,1,0,0,0,11,0,0,14,23,0,0,21,0,0,0,0,42,24,0,11,16,0,15,10,0,0,0,0,0,0,0,16,7,0,0,0,0,0,9,25,14,17,6,0,4,0,338,0,37,2,1
5OIS,0,40,5052,0,0,1392,0,0,0,1492,0,27,0,4,0,0,0,17,0,0,9,13,0,0,11,0,0,0,0,37,28,0,10,16,0,20,12,0,0,0,0,0,0,0,5,6,0,0,0,0,0,7,15,10,13,8,0,1,0,0,0,0,4,0
5I7D,0,44,4200,0,0,1158,0,0,0,1312,0,48,0,1,0,0,0,25,0,0,50,26,0,0,45,0,0,0,0,28,8,0,16,37,0,20,26,0,0,0,0,0,0,0,8,15,0,0,0,0,0,17,29,43,10,23,0,9,0,0,0,0,2,1
4NCD,0,3,1093,0,0,283,0,0,0,319,0,20,0,1,0,0,0,18,0,0,28,6,0,0,16,0,0,0,0,11,9,0,3,17,0,26,8,0,0,0,0,0,0,0,8,14,0,0,0,0,0,9,9,6,11,24,0,2,0,0,0,0,2,1
2CY9,0,4,1136,0,0,309,0,0,0,347,0,14,0,0,0,0,0,12,0,0,12,4,0,0,9,0,0,0,0,10,11,9,0,8,0,8,15,0,0,0,0,0,0,0,5,1,0,0,0,0,0,3,4,4,4,5,0,2,0,0,0,0,2,1
7W0J,0,120,14533,0,0,4085,0,0,0,4499,0,27,0,2,0,0,0,26,0,0,17,28,0,0,27,0,0,0,0,49,32,0,13,23,0,23,17,0,0,0,0,0,0,0,6,15,0,0,0,0,0,13,29,15,14,6,0,3,0,336,0,37,4,0
6MGN,0,6,510,0,0,152,0,0,0,149,0,16,0,0,0,0,0,8,0,0,6,9,0,0,7,0,0,0,0,3,3,0,4,4,0,6,2,0,0,0,0,0,0,0,2,3,0,0,0,0,0,1,5,10,2,6,0,2,0,315,0,32,2,0
2ZYG,0,16,4598,0,0,1212,0,0,0,1404,0,40,0,4,0,0,0,28,0,0,28,20,0,0,35,0,0,0,0,50,43,0,8,28,0,35,22,0,0,0,0,0,0,0,14,25,0,0,0,0,0,17,26,23,15,17,0,2,0,338,0,37,2,1
1M3D,0,244,13117,0,0,3596,0,0,0,3840,0,33,0,9,0,0,0,20,0,0,12,22,0,0,21,0,0,0,0,35,35,0,16,45,0,21,29,0,0,0,0,0,0,0,15,21,0,0,0,0,0,19,14,18,31,16,0,24,0,0,0,0,6,1
